F1 Score,Multiplier
0.5818890043367494,1.0
0.630765222306847,1.5
0.6414502815625812,2.0
0.5985554227124322,2.5
0.6787441736862829,3.0
0.6661045878515577,3.5
0.6585815737952524,4.0
0.6713175256329245,4.5
0.6530119245101973,5.0
0.6808571458335481,5.5
0.7118471936380849,6.0
0.6653914458959617,6.5
0.6959627506372676,7.0
0.6812312224178312,7.5
0.6986702842829905,8.0
0.711262048799776,8.5
0.7204410878551566,9.0
0.6951740924107567,9.5
0.7172738368821435,10.0
